release_id,org,version,stage,deployed_at,is_harmful,error_rate,latency_ms,availability,error_budget_remaining,canary_error_rate,canary_latency_delta,cpu_usage,memory_usage
R0001,BankA,3.0.3,staged,2026-07-20T11:00:00+00:00,False,,83,99.759,40.378,0.818,15,22.0,63.07
R0002,BankA,1.1.6,canary,2026-07-05T11:00:00+00:00,False,0.962,256,99.604,82.463,1.341,48,20.62,61.5
R0003,GovAgency,2.1.9,staged,2026-07-16T18:00:00+00:00,False,1.486,115,99.046,44.813,0.592,-10,53.49,58.99
R0004,HealthCo,3.1.5,production,2026-07-08T06:00:00+00:00,True,6.774,876,99.702,12.24,6.958,1,39.04,31.02
R0005,BankA,2.3.0,canary,2026-07-11T02:00:00+00:00,True,11.02,285,99.268,43.714,6.036,20,24.57,42.47
R0006,HealthCo,1.2.3,canary,2026-07-25T06:00:00+00:00,False,1.394,379,99.428,67.93,0.715,-3,37.93,24.09
R0007,BankA,1.2.2,canary,2026-07-30T08:00:00+00:00,False,1.113,112,99.385,68.733,0.896,12,58.7,58.74
R0008,GovAgency,1.1.8,production,2026-07-12T17:00:00+00:00,False,1.945,254,99.112,58.26,0.871,13,58.73,54.29
R0009,BankA,2.1.8,staged,2026-07-27T07:00:00+00:00,False,0.577,271,99.763,65.06,1.424,47,56.33,46.95
R0010,BankA,1.1.5,production,2026-07-14T10:00:00+00:00,False,0.675,203,99.878,91.552,0.246,42,51.72,64.01
R0011,BankA,1.2.7,production,2026-07-24T18:00:00+00:00,False,0.496,350,99.872,57.504,0.46,49,48.99,51.04
R0012,HealthCo,3.0.5,canary,2026-07-20T00:00:00+00:00,True,3.016,195,99.064,13.596,3.353,158,15.32,51.85
R0013,GovAgency,2.0.4,staged,2026-07-29T21:00:00+00:00,False,1.265,356,99.132,90.808,1.071,40,25.93,41.28
R0014,BankA,1.1.1,staged,2026-07-29T10:00:00+00:00,True,3.15,290,99.467,6.902,7.804,199,17.73,52.77
R0015,BankA,3.0.2,canary,2026-07-13T05:00:00+00:00,True,3.098,118,99.443,13.487,3.089,342,44.35,44.33
R0016,HealthCo,3.1.7,production,2026-07-10T10:00:00+00:00,False,2.175,110,99.165,30.14,0.764,38,27.84,51.35
R0017,GovAgency,3.1.2,production,2026-07-09T10:00:00+00:00,False,,109,99.579,65.243,1.372,-13,17.26,41.46
R0018,BankA,1.0.8,staged,2026-07-04T18:00:00+00:00,True,0.264,717,99.675,12.348,3.678,314,41.05,21.79
R0019,HealthCo,2.0.5,production,2026-07-11T12:00:00+00:00,False,0.737,147,99.672,49.5,0.638,-11,15.42,47.95
R0020,BankA,1.1.8,production,2026-07-10T10:00:00+00:00,False,1.314,147,99.933,87.256,1.595,27,27.82,39.72
R0021,GovAgency,2.1.9,production,2026-07-29T05:00:00+00:00,False,1.369,,99.299,73.12,1.696,-3,26.9,60.04
R0022,GovAgency,1.2.4,canary,2026-07-13T08:00:00+00:00,False,1.552,255,99.204,71.225,0.549,42,26.3,60.87
R0023,BankA,3.0.4,canary,2026-07-03T05:00:00+00:00,False,0.109,146,99.637,47.027,1.36,50,46.76,45.24
R0024,BankA,1.2.8,canary,2026-07-02T20:00:00+00:00,False,2.103,378,99.553,57.936,0.171,26,55.45,55.83
R0025,HealthCo,2.0.3,canary,2026-07-29T18:00:00+00:00,False,0.347,366,99.884,56.415,1.155,-1,56.66,30.65
R0026,BankA,3.0.0,canary,2026-07-08T23:00:00+00:00,False,1.868,250,99.782,56.761,1.239,11,27.01,55.43
R0027,HealthCo,1.0.7,staged,2026-07-10T19:00:00+00:00,False,0.579,315,99.35,83.335,1.581,8,16.06,28.69
R0028,HealthCo,1.1.4,staged,2026-07-16T07:00:00+00:00,True,3.147,354,99.331,8.457,4.593,261,23.04,63.31
R0029,HealthCo,1.1.6,canary,2026-07-25T22:00:00+00:00,True,0.711,1910,99.002,13.624,3.596,,31.39,23.15
R0030,GovAgency,2.1.8,staged,2026-07-14T12:00:00+00:00,True,3.763,231,99.554,13.337,,290,45.48,60.63
R0031,HealthCo,2.0.6,production,2026-07-26T01:00:00+00:00,False,1.556,244,99.465,58.74,0.463,40,50.72,63.19
R0032,BankA,1.1.4,production,2026-07-23T07:00:00+00:00,True,7.668,1386,99.673,8.631,3.291,-17,17.08,64.28
R0033,GovAgency,2.0.6,production,2026-07-22T10:00:00+00:00,False,1.059,155,99.656,30.36,1.377,-7,50.03,29.85
R0034,GovAgency,3.1.0,production,2026-07-25T02:00:00+00:00,False,0.698,142,99.456,82.092,1.235,20,57.75,60.11
R0035,GovAgency,3.0.8,production,2026-07-20T08:00:00+00:00,False,2.253,323,99.45,78.865,1.528,15,49.46,43.46
R0036,BankA,2.1.7,staged,2026-07-04T15:00:00+00:00,True,5.284,1024,102.015,10.682,4.63,9,32.24,26.88
R0037,BankA,2.0.6,staged,2026-07-17T22:00:00+00:00,False,2.272,379,99.946,31.27,1.597,28,36.46,62.42
R0038,HealthCo,3.0.8,staged,2026-07-24T15:00:00+00:00,False,2.02,192,99.488,47.741,0.926,29,30.13,50.56
R0039,GovAgency,1.2.7,staged,2026-07-06T18:00:00+00:00,False,2.454,353,99.027,55.611,1.059,-17,18.78,39.29
R0040,BankA,1.0.4,canary,2026-07-17T12:00:00+00:00,False,0.886,312,99.327,79.48,0.745,33,26.35,23.69
R0041,GovAgency,1.0.5,staged,2026-07-10T21:00:00+00:00,False,1.66,100,99.754,91.725,0.439,-18,42.96,30.73
R0042,GovAgency,1.1.9,staged,2026-07-10T15:00:00+00:00,False,1.216,211,99.767,40.906,1.132,-6,50.0,27.37
R0043,BankA,1.0.4,production,2026-07-25T21:00:00+00:00,False,1.726,272,99.397,76.476,0.229,11,19.59,54.76
R0044,GovAgency,1.1.9,canary,2026-07-03T02:00:00+00:00,False,0.933,299,99.662,34.482,1.201,-19,53.23,57.0
R0045,HealthCo,2.3.7,production,2026-07-07T20:00:00+00:00,False,1.145,347,99.965,47.555,1.474,48,49.86,40.92
R0046,GovAgency,2.1.5,staged,2026-07-11T19:00:00+00:00,False,2.094,124,99.279,59.302,1.376,28,30.14,42.24
R0047,BankA,3.1.3,canary,2026-07-16T11:00:00+00:00,False,2.015,254,99.28,68.75,1.596,-19,38.25,28.6
R0048,GovAgency,3.0.7,canary,2026-07-25T00:00:00+00:00,False,1.92,323,99.646,61.903,1.448,-9,28.24,38.2
R0049,HealthCo,2.3.7,canary,2026-07-24T22:00:00+00:00,False,1.374,297,99.997,65.775,0.698,38,27.19,31.31
R0050,GovAgency,2.0.5,canary,2026-07-06T10:00:00+00:00,False,1.883,174,99.192,78.009,0.57,47,41.86,64.12
R0051,HealthCo,2.0.5,staged,2026-07-08T23:00:00+00:00,False,0.825,353,99.127,32.959,0.193,17,46.38,25.68
R0052,BankA,1.0.9,staged,2026-07-13T11:00:00+00:00,False,1.227,305,99.341,92.757,0.529,41,20.13,22.94
R0053,BankA,1.0.2,canary,2026-07-07T16:00:00+00:00,False,2.047,235,99.085,46.132,1.049,33,42.28,55.58
R0054,GovAgency,3.0.7,canary,2026-07-20T05:00:00+00:00,False,0.814,381,99.99,49.85,1.156,-8,57.64,29.35
R0055,HealthCo,1.1.2,canary,2026-07-11T13:00:00+00:00,True,1.425,1129,99.003,5.925,4.163,459,16.47,32.96
R0056,HealthCo,2.0.6,production,2026-07-06T05:00:00+00:00,False,1.407,156,99.908,83.731,0.221,1,50.67,46.78
R0057,HealthCo,3.1.1,production,2026-07-21T07:00:00+00:00,False,1.753,286,99.943,62.531,0.939,-10,41.91,60.02
R0058,HealthCo,2.1.0,canary,2026-07-05T05:00:00+00:00,False,0.649,374,99.587,31.348,1.4,14,40.93,54.34
R0059,HealthCo,3.1.4,canary,2026-07-09T01:00:00+00:00,False,2.493,303,99.635,61.962,0.255,24,33.38,34.45
R0060,BankA,2.3.6,staged,2026-07-30T22:00:00+00:00,False,1.289,285,99.814,65.756,0.873,20,26.36,25.22
R0061,GovAgency,1.0.8,production,2026-07-21T01:00:00+00:00,False,1.092,176,100.74,70.471,0.947,36,49.2,29.16
R0062,BankA,2.1.7,staged,2026-07-31T03:00:00+00:00,False,1.263,94,99.973,69.577,0.507,0,28.98,20.62
R0063,BankA,2.0.1,staged,2026-07-21T00:00:00+00:00,False,2.373,158,99.498,76.579,0.965,14,33.7,41.71
R0064,BankA,3.1.8,staged,2026-07-07T12:00:00+00:00,False,,386,99.508,87.156,1.569,15,49.77,58.45
R0065,GovAgency,2.1.0,canary,2026-07-13T09:00:00+00:00,True,8.577,986,99.999,7.148,4.821,48,36.8,34.96
R0066,GovAgency,2.0.9,production,2026-07-17T16:00:00+00:00,False,0.661,290,99.044,78.406,1.299,28,32.37,49.87
R0067,BankA,3.1.0,production,2026-07-06T17:00:00+00:00,False,1.305,382,99.332,36.524,1.537,-8,38.67,40.56
R0068,BankA,3.0.2,staged,2026-07-04T12:00:00+00:00,False,1.227,215,99.339,75.026,1.205,22,53.36,58.67
R0069,HealthCo,3.1.8,production,2026-07-02T20:00:00+00:00,False,1.582,200,100.857,89.86,1.796,-9,34.53,24.43
R0070,GovAgency,1.1.7,production,2026-07-08T10:00:00+00:00,True,7.396,1411,99.324,4.801,3.72,35,21.55,43.9
R0071,HealthCo,2.0.7,canary,2026-07-26T05:00:00+00:00,False,0.443,316,99.638,59.872,1.234,39,55.55,50.49
R0072,BankA,3.1.5,staged,2026-07-26T09:00:00+00:00,True,6.288,967,99.69,17.883,5.299,29,53.4,24.8
R0073,BankA,3.0.4,staged,2026-07-01T16:00:00+00:00,False,1.458,105,99.911,78.436,1.516,16,49.91,30.36
R0074,BankA,2.0.9,staged,2026-07-12T00:00:00+00:00,False,1.727,150,99.628,88.721,1.199,,50.49,21.5
R0075,GovAgency,1.2.1,canary,2026-07-13T22:00:00+00:00,False,0.884,292,99.176,38.59,1.017,26,38.89,61.11
R0076,HealthCo,3.1.4,canary,2026-07-15T18:00:00+00:00,True,6.609,118,99.141,92.823,6.849,30,58.53,56.21
R0077,HealthCo,1.1.7,production,2026-07-17T01:00:00+00:00,False,1.715,214,99.585,83.457,1.698,-7,45.37,41.22
R0078,GovAgency,2.3.9,canary,2026-07-10T18:00:00+00:00,True,11.965,317,99.909,49.642,3.139,-3,17.04,21.67
R0079,GovAgency,1.2.6,production,2026-07-20T16:00:00+00:00,False,0.99,356,102.088,78.247,0.363,33,44.47,57.52
R0080,HealthCo,2.1.0,staged,2026-07-30T18:00:00+00:00,False,0.989,307,99.445,45.347,0.717,27,39.5,64.0
R0081,BankA,3.0.4,canary,2026-07-09T10:00:00+00:00,False,2.424,312,99.092,43.787,1.187,-18,17.28,35.01
R0082,GovAgency,2.0.1,production,2026-07-24T23:00:00+00:00,True,1.507,816,99.329,7.268,2.702,376,27.48,64.28
R0083,BankA,1.2.0,production,2026-07-16T14:00:00+00:00,False,1.996,201,99.589,31.026,0.551,-4,48.38,43.67
R0084,BankA,3.1.7,canary,2026-07-16T18:00:00+00:00,False,1.332,135,104.43,44.401,1.146,46,28.57,48.95
R0085,BankA,3.1.6,staged,2026-07-19T12:00:00+00:00,False,1.747,331,99.712,58.832,1.629,,42.37,22.96
R0086,GovAgency,2.3.6,production,2026-07-26T19:00:00+00:00,False,1.373,312,104.048,57.963,1.448,-6,53.38,49.29
R0087,GovAgency,2.0.6,canary,2026-07-20T14:00:00+00:00,True,1.093,862,99.399,5.873,4.315,451,44.93,36.84
R0088,BankA,3.0.1,staged,2026-07-17T05:00:00+00:00,False,2.048,364,99.06,92.181,1.055,-5,33.49,59.31
R0089,GovAgency,1.0.4,production,2026-07-26T22:00:00+00:00,False,0.85,133,99.578,43.828,1.216,8,53.13,35.76
R0090,HealthCo,1.1.4,production,2026-07-25T19:00:00+00:00,False,0.643,299,99.845,93.346,,-17,42.4,49.6
R0091,HealthCo,1.0.2,canary,2026-07-12T23:00:00+00:00,False,1.786,238,99.922,52.817,0.408,-2,40.48,38.04
R0092,GovAgency,1.0.1,canary,2026-07-23T23:00:00+00:00,False,0.616,294,99.454,40.232,0.63,21,49.96,45.54
R0093,BankA,1.2.2,production,2026-07-27T16:00:00+00:00,False,0.219,121,99.272,73.026,0.926,36,33.64,29.7
R0094,BankA,2.3.6,canary,2026-07-06T01:00:00+00:00,False,0.78,383,101.407,73.364,0.177,,59.3,22.47
R0095,HealthCo,2.0.2,production,2026-07-12T05:00:00+00:00,True,9.0,1425,99.497,8.353,4.417,48,46.67,42.51
R0096,BankA,3.0.0,staged,2026-07-20T22:00:00+00:00,False,2.311,240,99.576,67.271,1.306,33,28.03,38.23
R0097,BankA,3.1.5,canary,2026-07-05T02:00:00+00:00,False,1.148,134,99.243,68.277,0.991,30,54.17,53.56
R0098,HealthCo,1.2.1,canary,2026-07-23T02:00:00+00:00,False,1.62,351,103.411,88.885,0.694,-2,25.63,26.59
R0099,BankA,1.2.1,canary,2026-07-08T21:00:00+00:00,False,2.383,332,99.464,66.643,1.085,21,53.89,48.22
R0100,HealthCo,1.1.7,staged,2026-07-20T04:00:00+00:00,False,1.615,220,99.591,52.876,,39,35.34,22.56
